uid,xml_count,danmu_count
303151,26,1160
259422,26,1061
2661552,26,1022
33998048,26,787
584221,26,694
19400882,26,689
1318097,26,627
17498181,26,306
35877025,25,1048
35080575,25,550
940628,25,434
11775347,25,356
10997659,25,284
258401,24,1029
5760408,24,938
36577686,24,610
98238883,24,580
28922339,24,578
20762021,24,569
28708677,24,567
2810632,24,538
89114533,24,460
13064242,24,423
88521562,24,397
296560,24,243
26284012,23,7566
5321590,23,1201
10252015,23,905
5122907,23,885
3486759,23,541
7663163,23,480
81030760,23,352
5911146,23,238
638999,23,197
179825,23,163
39665550,23,91
20932,23,76
44910708,23,75
32200881,22,1961
10956339,22,1300
10995767,22,1084
56525567,22,992
19890967,22,923
8075930,22,837
12133937,22,621
30246040,22,589
19161639,22,574
15475827,22,558
11172266,22,467
12356968,22,378
13061006,22,353
5265249,22,259
31122099,22,178
39499526,22,178
65675236,21,1557
16268539,21,406
12416994,21,394
8234826,21,376
1529145,21,341
32838304,21,313
178347,21,287
29287011,21,281
85591250,21,232
3994129,21,221
6069718,21,213
571956,21,203
21407619,21,185
3454092,21,130
61065295,21,119
19820222,21,99
403271,21,78
15405855,21,73
95586,20,1006
43223022,20,767
46287734,20,669
3874017,20,557
10721325,20,479
13167182,20,452
3286022,20,412
43814847,20,358
2907454,20,344
13711682,20,322
18209909,20,292
4099291,20,265
5614160,20,263
1918911,20,227
112279,20,165
39581301,20,142
29359506,20,132
33611607,20,132
34594505,20,103
284123,20,97
26085,20,95
30792990,20,85
8713036,20,72
8322468,19,1185
87954,19,575
16095993,19,547
28361195,19,414
3510653,19,241
548926,19,224
2789297,19,191
8033513,19,166
230973,19,114
93721603,19,78
11008001,19,70
29207699,19,65
30923078,19,57
1952236,19,42
14952842,18,1626
1955106,18,453
38944634,18,365
36333896,18,361
30431315,18,242
28263476,18,213
7322869,18,199
2725252,18,183
7783427,18,172
12763048,18,164
23548799,18,153
33692925,18,148
13223402,18,142
436132,18,137
8886776,18,126
89952811,18,121
50575,18,116
34540935,18,106
8780848,18,87
382666,18,72
45154891,18,72
10130565,17,929
22914232,17,716
89590752,17,260
25440280,17,161
20650724,17,153
32787117,17,153
10283338,17,152
9229792,17,146
10326241,17,143
12532666,17,122
380061,17,117
7410058,17,69
55810643,17,48
26787701,17,31
11938539,16,599
441718,16,535
15162268,16,477
88564238,16,419
50009539,16,353
1686129,16,214
3853484,16,198
49470739,16,177
16428604,16,175
60007827,16,168
21471621,16,153
4184587,16,145
207168,16,131
20251745,16,124
1299129,16,117
52501204,16,105
15435878,16,92
21675837,16,88
10087046,16,70
64707,16,66
1622611,16,42
5875787,16,24
3856427,15,710
9524212,15,408
37074606,15,384
28503,15,296
6618851,15,271
3760577,15,263
6820949,15,250
6221618,15,183
33211599,15,163
3414276,15,131
3958884,15,112
68000030,15,110
23064137,15,108
22282685,15,104
3217531,15,99
1531636,15,94
5746867,15,92
4616225,15,79
519773,15,76
66631077,15,56
8311335,15,55
12759097,15,51
4184924,15,51
30570,15,40
8320253,15,36
15764592,15,29
29054101,14,1421
1476078,14,479
12025196,14,451
16506261,14,368
7696844,14,268
22439477,14,241
1523800,14,205
11485349,14,184
751838,14,180
99239087,14,180
25336366,14,171
5972884,14,144
389621,14,116
2600116,14,108
69192610,14,107
8150226,14,107
19496009,14,82
85684590,14,81
14194566,14,77
183779,14,66
19485656,14,65
40672450,14,50
40359840,14,49
111809,14,34
1647240,14,29
80204361,13,307
43108581,13,195
5127152,13,162
13438226,13,160
3538000,13,134
85566549,13,93
9538201,13,90
22263869,13,77
33903319,13,68
3568209,13,63
25714746,13,62
8160539,13,61
111161,13,60
14720324,13,60
21480058,13,57
37176249,13,56
14190781,13,55
46662623,13,55
8310688,13,48
26023968,13,42
38968164,13,42
43927105,13,42
29509377,13,36
4662670,13,30
174390,13,25
10325491,13,24
51784147,12,5592
3856600,12,1329
33014440,12,833
11602705,12,587
62570916,12,359
573249,12,348
35481294,12,288
2305584,12,276
50051634,12,199
7539571,12,155
39683560,12,138
2034479,12,132
1439652,12,131
4443406,12,126
19560513,12,119
2862492,12,115
6722822,12,105
32355575,12,103
34871965,12,97
29527454,12,95
34605512,12,82
11039833,12,78
405525,12,78
15569879,12,77
258253,12,74
3131298,12,70
1371176,12,58
2714777,12,58
20129023,12,57
32207659,12,56
35911804,12,54
39657447,12,54
94600701,12,53
13904453,12,49
5347426,12,48
59861632,12,40
15641488,12,39
16721,12,39
7103981,12,39
90076158,12,39
14906879,12,28
14212613,12,26
52294261,12,24
22415032,12,22
37205339,12,14
261263,11,1174
19205411,11,432
14074815,11,362
11687,11,253
161245,11,249
1556020,11,243
39049131,11,202
36168635,11,185
65699417,11,152
29589067,11,134
8183854,11,129
17182306,11,122
14018635,11,121
220480,11,98
62529648,11,92
27544208,11,91
3423219,11,69
3143583,11,68
38080968,11,64
11708672,11,54
17461888,11,54
97182435,11,53
34774843,11,52
51743,11,51
17475105,11,47
2652540,11,47
1758971,11,45
39579262,11,42
57859010,11,41
73674638,11,39
671454,11,38
26627428,11,36
93912025,11,35
24950011,11,34
35649111,11,34
13432617,11,30
26229859,11,30
13068570,11,29
40757226,11,29
304166,11,26
13600070,11,25
13205905,11,24
286896,11,24
32547659,11,24
40184319,11,23
4667651,11,22
1884145,11,21
28460416,11,21
16440429,11,17
36567260,11,16
15354354,11,14
38464753,11,12
34010095,10,453
8548045,10,389
20110246,10,192
1672881,10,185
34630402,10,180
26541040,10,160
15568183,10,157
8396766,10,142
47215484,10,138
14228388,10,132
11551090,10,129
8180612,10,121
2315714,10,118
11023115,10,116
22501948,10,108
39593937,10,107
112799,10,101
88104670,10,98
20367172,10,79
66900416,10,64
58300522,10,63
14189346,10,57
22504822,10,57
85878381,10,55
14230599,10,49
38119938,10,45
7719038,10,44
14881826,10,42
10436067,10,41
89932795,10,39
10936988,10,36
2220524,10,36
22377627,10,35
26990291,10,34
22870246,10,33
2183558,10,31
37761135,10,31
6452255,10,31
33617718,10,30
1350591,10,28
2984697,10,27
9574127,10,27
10862113,10,25
12725913,10,25
18333018,10,25
7825127,10,25
10868681,10,24
5000075,10,24
25607806,10,23
6841681,10,22
8708006,10,22
3228643,10,20
97610115,10,17
7472287,10,16
3457313,9,627
32551911,9,398
11229537,9,242
5847764,9,187
33169296,9,149
8192040,9,126
95160125,9,119
20919492,9,118
2520985,9,107
5942498,9,92
66723979,9,92
469876,9,89
36759151,9,88
2082950,9,85
1733731,9,80
12486468,9,73
32948905,9,64
62995152,9,64
8227075,9,63
2892715,9,58
87332482,9,58
74173596,9,56
9154799,9,55
2187129,9,54
14197404,9,52
2083685,9,50
10729499,9,48
38351605,9,47
44077357,9,45
7786667,9,45
12589999,9,44
9583589,9,40
11491999,9,39
24288652,9,39
24391214,9,39
2367397,9,37
15314111,9,35
4662264,9,34
11576783,9,33
586181,9,33
265624,9,32
91181045,9,32
9846536,9,32
19753351,9,30
5824027,9,29
33495542,9,27
13606645,9,26
3320928,9,26
5707372,9,26
84014524,9,26
125184,9,25
905751,9,25
3949659,9,24
36232228,9,23
14662004,9,22
17794016,9,22
54251144,9,22
13223046,9,21
18053063,9,21
4250689,9,20
36868480,9,19
318511,9,18
71293405,9,18
9032987,9,17
3945141,9,15
7390377,9,13
15621752,9,12
4659027,9,12
8784,9,11
27318379,8,489
35155617,8,427
35739023,8,138
1556687,8,132
16535805,8,119
11054237,8,117
490536,8,116
773090,8,112
14516923,8,110
38663548,8,97
25962256,8,90
4964985,8,88
1738394,8,84
85479187,8,74
24359113,8,71
34630532,8,71
527554,8,69
51126098,8,62
28334190,8,61
21772200,8,60
22584027,8,59
28089436,8,46
7112540,8,45
1522928,8,40
45396948,8,40
8562899,8,40
1454974,8,39
16459989,8,39
7445938,8,39
25185779,8,38
2255245,8,36
46857914,8,36
24261845,8,35
2818378,8,35
24858490,8,33
5493374,8,32
6152643,8,32
8661378,8,29
27562202,8,28
34868940,8,27
8178163,8,26
19586901,8,25
20784212,8,25
27232286,8,25
2853713,8,25
91333200,8,25
18048860,8,24
23200248,8,23
38931903,8,23
85432236,8,23
207836,8,22
29104768,8,22
29587015,8,22
3349634,8,21
14266757,8,20
74102693,8,20
33623091,8,19
1474707,8,18
4443203,8,18
8321829,8,18
99562542,8,18
425101,8,17
73808830,8,17
38257573,8,16
12884714,8,15
25114006,8,15
58458687,8,15
28633740,8,13
35046720,8,13
7050354,8,11
8120022,8,10
14097024,8,8
22233924,8,8
328422,8,8
51078849,7,387
30462490,7,192
27628196,7,176
12810594,7,173
37492884,7,169
65435104,7,122
13788859,7,104
26114356,7,84
39493846,7,81
82237127,7,80
2551282,7,66
28946115,7,65
5015398,7,64
1867131,7,60
35416611,7,48
34405189,7,47
874910,7,46
9105629,7,44
18272436,7,42
16882667,7,41
19960356,7,41
43370960,7,40
5064285,7,40
1993614,7,38
1435110,7,37
88057622,7,35
15627350,7,31
3042474,7,31
3959184,7,31
23260225,7,30
39495762,7,30
197730,7,29
38348669,7,29
49575224,7,29
17068511,7,28
20427603,7,27
43854,7,27
12530855,7,26
12577281,7,25
5163477,7,25
13214574,7,22
1497666,7,22
9044879,7,22
14127155,7,21
20568348,7,21
86740021,7,21
14340997,7,20
26026866,7,20
1814266,7,17
24407956,7,17
26604433,7,17
1961480,7,16
22595914,7,16
13492482,7,15
18049237,7,15
20780960,7,15
941470,7,15
1859890,7,14
27385616,7,14
2824347,7,14
5057116,7,14
5612100,7,14
7791550,7,14
12778513,7,13
54788097,7,13
90555656,7,13
41409802,7,12
43670117,7,12
2439037,7,11
2697737,7,11
13955084,7,10
14902424,7,10
1555086,7,10
37686136,7,10
52641002,7,10
14735760,7,9
3371409,7,9
34735261,7,9
60620238,7,8
34966016,7,7
30137285,6,155
3552118,6,133
26741672,6,117
4912451,6,116
49981941,6,113
27937,6,106
232227,6,105
6078354,6,101
26288049,6,75
21115753,6,74
98784361,6,68
21260277,6,62
24780898,6,62
8492244,6,61
29107632,6,60
1468546,6,53
21828745,6,52
62943,6,47
5136619,6,45
534475,6,43
1433946,6,41
5882886,6,41
5724047,6,39
57420857,6,38
18412154,6,36
37839241,6,36
590518,6,35
7598552,6,33
11730601,6,32
30959670,6,32
8296375,6,32
98867453,6,32
10927590,6,31
2890873,6,31
15059,6,30
37961445,6,29
17276310,6,28
790905,6,27
94674222,6,27
10827169,6,26
13741246,6,26
4214563,6,26
11762283,6,25
31628971,6,25
6212352,6,23
4145214,6,22
31207537,6,21
76724375,6,21
1964672,6,20
36437468,6,20
626250,6,20
685353,6,20
1512292,6,19
1891593,6,19
22493329,6,19
2471425,6,19
25578318,6,19
38546241,6,18
837458,6,18
22170175,6,17
35150119,6,17
8758638,6,17
96836658,6,17
13817086,6,16
59834085,6,16
2100986,6,15
2523474,6,15
29103034,6,15
29327044,6,15
36944380,6,15
40478285,6,15
4322351,6,15
6170803,6,15
6475116,6,15
20699876,6,14
25116990,6,14
30748424,6,14
87893010,6,13
11816662,6,12
24073722,6,12
24807590,6,12
24848959,6,12
35410180,6,12
6530780,6,12
94727656,6,12
97634870,6,12
10843778,6,11
14202610,6,11
15697600,6,11
92049220,6,11
1446018,6,10
15555997,6,10
2009214,6,10
3227010,6,10
1554,6,9
5417729,6,9
2970702,6,8
3643696,6,8
93715325,6,8
12734358,6,7
3162175,6,7
35579130,6,7
89737207,6,7
911960,6,7
13111197,6,6
21689848,6,6
44364829,6,6
87245266,6,6
91263928,6,6
1358029,5,470
10438608,5,420
30895855,5,388
90485631,5,290
66808413,5,174
23981178,5,168
16928970,5,138
4974676,5,130
91526589,5,98
11098419,5,94
91772261,5,94
12687348,5,87
22650744,5,84
90323722,5,81
14393690,5,79
50043628,5,74
6874887,5,74
34744109,5,68
20608964,5,57
27841851,5,52
37991420,5,52
38505110,5,47
14963489,5,45
22827299,5,45
12432399,5,43
12615977,5,43
29003828,5,42
43830807,5,42
9149064,5,41
3440404,5,37
1752210,5,36
33126631,5,36
23628136,5,35
280392,5,35
2247582,5,34
3978759,5,34
8643074,5,34
12140546,5,32
19603803,5,32
79708711,5,32
88432003,5,32
31334471,5,31
30614348,5,30
4452193,5,30
59178755,5,30
38318260,5,29
9020891,5,29
85919705,5,27
11434480,5,26
13689393,5,26
1714743,5,26
1804137,5,26
4464996,5,25
93941098,5,25
80185132,5,24
89280578,5,24
10248804,5,23
16796466,5,23
16560607,5,22
3364330,5,22
7125035,5,22
76949841,5,22
12357682,5,21
88487965,5,21
3829158,5,20
52813309,5,20
26322776,5,19
36169346,5,19
6397529,5,19
76601,5,19
1360098,5,18
2067942,5,18
21257324,5,18
27329792,5,18
39030792,5,18
6020232,5,18
19222572,5,17
2783950,5,17
29704671,5,17
4208930,5,17
8180994,5,17
5383161,5,16
71281395,5,16
9157212,5,16
16667380,5,15
35008233,5,15
38847694,5,15
14424666,5,14
15184457,5,14
15611019,5,14
18574613,5,14
22784683,5,14
32340601,5,14
38899167,5,14
6890206,5,14
74505720,5,14
81419999,5,14
2052538,5,13
22981605,5,13
26157141,5,13
4203405,5,13
557426,5,13
86188590,5,13
86273008,5,13
18570018,5,12
25579597,5,12
26594774,5,12
27307613,5,12
4197394,5,12
8484447,5,12
11435559,5,11
2261046,5,11
26285531,5,11
286799,5,11
4366981,5,11
4755773,5,11
13787089,5,10
13882520,5,10
18156908,5,10
20265654,5,10
23088219,5,10
26041554,5,10
282761,5,10
28972683,5,10
3304457,5,10
551608,5,10
8524153,5,10
1310090,5,9
22747356,5,9
23772140,5,9
32379973,5,9
32594983,5,9
34767784,5,9
3899299,5,9
40064847,5,9
43817008,5,9
56327114,5,9
96591854,5,9
13668925,5,8
1479356,5,8
1488800,5,8
3063596,5,8
3512341,5,8
5805330,5,8
6362631,5,8
8116046,5,8
884963,5,8
102350,5,7
13054717,5,7
14466979,5,7
283541,5,7
4458907,5,7
18229245,5,6
39535555,5,6
532203,5,6
5987482,5,6
8586921,5,6
14098057,5,5
23641607,5,5
7101739,5,5
74200885,5,5
59461900,4,302
85954583,4,251
62552221,4,250
35968103,4,238
99599130,4,176
12756274,4,162
20332158,4,161
34115600,4,146
26550637,4,114
6969107,4,98
24915621,4,90
12081279,4,88
129193,4,81
81852869,4,75
26345155,4,51
39025332,4,50
13978776,4,49
1890301,4,49
57139720,4,47
9271343,4,44
3248937,4,43
11498851,4,41
94732921,4,40
29062400,4,36
852870,4,36
20492945,4,35
4876652,4,35
12162565,4,34
13990158,4,33
5669655,4,33
20541781,4,32
28552314,4,32
420331,4,32
7849883,4,32
8452201,4,32
32432972,4,30
21907200,4,29
59403550,4,29
19365800,4,28
6221730,4,28
2507704,4,27
30146686,4,27
4440924,4,27
554818,4,27
3654264,4,26
3443293,4,25
6511598,4,25
14850218,4,24
33629942,4,24
42582581,4,22
67836590,4,22
12293793,4,21
19759058,4,21
37404043,4,20
87615461,4,20
13256271,4,19
1796281,4,19
8860894,4,19
174775,4,18
35693650,4,18
40021278,4,18
4211718,4,18
7517186,4,18
8187955,4,18
92415009,4,18
1391868,4,17
20011429,4,17
20407700,4,17
33268901,4,17
7769365,4,17
21910697,4,16
3091006,4,16
35292903,4,16
5877,4,16
7469923,4,16
14340073,4,15
22365571,4,15
2247015,4,15
31865190,4,15
35586962,4,15
564638,4,15
11512975,4,14
13283738,4,14
1794158,4,14
23068268,4,14
8635260,4,14
12582557,4,13
16135434,4,13
25044390,4,13
3097246,4,13
3587898,4,13
5809098,4,13
58829772,4,13
75914606,4,13
95224175,4,13
22563223,4,12
44893200,4,12
4871020,4,12
6234820,4,12
93244301,4,12
9364920,4,12
12235630,4,11
19873539,4,11
2107214,4,11
2957809,4,11
33407526,4,11
33813180,4,11
56722,4,11
573375,4,11
73913136,4,11
7548928,4,11
7768049,4,11
8548118,4,11
862917,4,11
10565193,4,10
13307239,4,10
13803135,4,10
1427612,4,10
1616218,4,10
20357888,4,10
2851509,4,10
4859682,4,10
86634209,4,10
12205901,4,9
18897406,4,9
20222925,4,9
23385388,4,9
2531406,4,9
3098091,4,9
35940143,4,9
38345161,4,9
38887890,4,9
4111350,4,9
653434,4,9
803072,4,9
91154113,4,9
10426450,4,8
12729779,4,8
14938913,4,8
23397260,4,8
25761131,4,8
2763944,4,8
3004009,4,8
330624,4,8
33588154,4,8
37832509,4,8
383442,4,8
41880,4,8
471643,4,8
472782,4,8
52048258,4,8
564988,4,8
5867613,4,8
89690582,4,8
99247769,4,8
10097890,4,7
13339300,4,7
135276,4,7
142197,4,7
188402,4,7
2374063,4,7
27845473,4,7
28163386,4,7
34414290,4,7
34585310,4,7
36164239,4,7
38707018,4,7
43487483,4,7
556787,4,7
71146512,4,7
85462286,4,7
88752564,4,7
90251,4,7
11401597,4,6
11732069,4,6
12021676,4,6
13408508,4,6
1423372,4,6
18988036,4,6
21598287,4,6
23975008,4,6
24028313,4,6
3068962,4,6
3220992,4,6
32688303,4,6
33943438,4,6
40566468,4,6
43154618,4,6
51818085,4,6
61452714,4,6
61546896,4,6
62862254,4,6
67922975,4,6
6896,4,6
7443918,4,6
7470347,4,6
97250,4,6
98976333,4,6
11043496,4,5
11686981,4,5
12605050,4,5
1535796,4,5
16886610,4,5
18254335,4,5
19690761,4,5
22189400,4,5
2550754,4,5
26562569,4,5
27585717,4,5
35851294,4,5
4157574,4,5
50966386,4,5
5369357,4,5
643581,4,5
6605333,4,5
71033415,4,5
780014,4,5
82670031,4,5
90737065,4,5
12204408,4,4
1272784,4,4
139875,4,4
14007075,4,4
16194970,4,4
167546,4,4
17274204,4,4
18243846,4,4
20367626,4,4
20653278,4,4
20683265,4,4
22507236,4,4
23257216,4,4
2343972,4,4
2411802,4,4
24366880,4,4
24839220,4,4
24840588,4,4
2486006,4,4
27352902,4,4
28006030,4,4
29554975,4,4
33713684,4,4
37050555,4,4
56471,4,4
83494688,4,4
8856264,4,4
89159162,4,4
13986464,3,217
19446776,3,205
44694783,3,102
76566095,3,74
35000969,3,73
11849317,3,68
56787780,3,60
32201637,3,57
6801559,3,57
77696341,3,57
38444657,3,52
76514299,3,51
6308591,3,50
22277747,3,45
32245594,3,42
14380975,3,41
34889133,3,41
31921959,3,39
35118504,3,39
3582956,3,37
4217700,3,37
3817396,3,36
10700397,3,34
18935096,3,34
33781917,3,33
14445968,3,32
71904271,3,32
22678911,3,30
34794936,3,30
38377451,3,30
79395877,3,30
13367177,3,27
2634835,3,26
12393800,3,25
12697390,3,25
15541608,3,25
25584934,3,25
4707654,3,25
4914334,3,25
24643425,3,23
2553861,3,23
47894806,3,23
9365560,3,23
24539360,3,22
4147247,3,22
54795585,3,22
34769961,3,21
45543856,3,21
6073284,3,21
702113,3,21
15383491,3,20
20970705,3,19
34815572,3,19
46085614,3,19
90417236,3,19
2259806,3,18
34728574,3,18
37999665,3,18
5181978,3,18
22191514,3,17
28883876,3,17
29288015,3,17
3700149,3,17
4909095,3,17
5518746,3,17
14650603,3,16
28559229,3,16
574537,3,16
609617,3,16
62470638,3,16
8030188,3,16
14089969,3,15
17081862,3,15
24060874,3,15
29601638,3,15
40970022,3,15
49644585,3,15
63505471,3,15
11787424,3,14
1444504,3,14
27386269,3,14
3363257,3,14
57500882,3,14
6739177,3,14
6840143,3,14
13559551,3,13
13624712,3,13
14634727,3,13
18557148,3,13
19542592,3,13
2916678,3,13
33482879,3,13
3401587,3,13
35497279,3,13
38721841,3,13
56846555,3,13
6510955,3,13
12586456,3,12
1879241,3,12
19536505,3,12
19979657,3,12
21599745,3,12
29951465,3,12
38770364,3,12
69690597,3,12
13007965,3,11
1901873,3,11
26634640,3,11
30273734,3,11
31868064,3,11
33143404,3,11
33530969,3,11
36791769,3,11
68414002,3,11
75595904,3,11
8411425,3,11
8431606,3,11
866703,3,11
8807418,3,11
10941424,3,10
12466408,3,10
18325145,3,10
23186830,3,10
308849,3,10
35525757,3,10
35642099,3,10
6480556,3,10
71271,3,10
7913675,3,10
9436743,3,10
10455660,3,9
12753278,3,9
13804375,3,9
14104721,3,9
1741767,3,9
2504945,3,9
25701288,3,9
2958338,3,9
31478993,3,9
3425078,3,9
38128070,3,9
4529931,3,9
51196446,3,9
55939009,3,9
8734465,3,9
94589800,3,9
95736890,3,9
96367727,3,9
109139,3,8
12114921,3,8
13188554,3,8
1594185,3,8
1719897,3,8
19963704,3,8
21801292,3,8
22985385,3,8
29166627,3,8
36201520,3,8
396743,3,8
40229771,3,8
482835,3,8
56181970,3,8
66873514,3,8
727918,3,8
75138308,3,8
8176881,3,8
94082385,3,8
13060937,3,7
14252901,3,7
1535266,3,7
2080888,3,7
2186753,3,7
23920488,3,7
25114398,3,7
26073537,3,7
2623419,3,7
27107186,3,7
292547,3,7
30173690,3,7
30341752,3,7
3113273,3,7
3265912,3,7
33011426,3,7
3589154,3,7
38032401,3,7
40091031,3,7
4102960,3,7
54619804,3,7
6766863,3,7
75928235,3,7
7668449,3,7
76917006,3,7
824799,3,7
8435444,3,7
86225139,3,7
875366,3,7
87680611,3,7
8854441,3,7
91651042,3,7
9267639,3,7
98005,3,7
99206022,3,7
10987925,3,6
11783888,3,6
12925936,3,6
13038428,3,6
13315618,3,6
13665118,3,6
15045516,3,6
1715863,3,6
1737720,3,6
176682,3,6
18581446,3,6
19166679,3,6
1917309,3,6
21694949,3,6
22222829,3,6
24576274,3,6
26257645,3,6
28544678,3,6
35007334,3,6
35654132,3,6
3599947,3,6
3899428,3,6
39779871,3,6
39836256,3,6
57865129,3,6
74053669,3,6
80145,3,6
8231667,3,6
8306391,3,6
8313494,3,6
8374171,3,6
85924666,3,6
93617899,3,6
9857314,3,6
11167060,3,5
11649142,3,5
11682906,3,5
11730157,3,5
11896460,3,5
12017112,3,5
12737661,3,5
12786594,3,5
1325652,3,5
15647905,3,5
17224333,3,5
1858841,3,5
18990413,3,5
19073008,3,5
1985987,3,5
20921750,3,5
23973452,3,5
27487210,3,5
27744818,3,5
28708047,3,5
29033125,3,5
34809090,3,5
34871091,3,5
35158718,3,5
38630369,3,5
3998574,3,5
400847,3,5
447506,3,5
52487976,3,5
5977358,3,5
62996075,3,5
6343422,3,5
659531,3,5
689304,3,5
71955775,3,5
8111676,3,5
87878849,3,5
89017705,3,5
90177571,3,5
93730244,3,5
93790150,3,5
10085804,3,4
11283581,3,4
12188257,3,4
12381806,3,4
1336137,3,4
14546979,3,4
151589,3,4
15468083,3,4
15519222,3,4
16616195,3,4
18242201,3,4
2043831,3,4
21139057,3,4
2325424,3,4
23489012,3,4
23624402,3,4
23928462,3,4
23984551,3,4
25636568,3,4
26447535,3,4
2750063,3,4
2800761,3,4
31255976,3,4
327140,3,4
36906669,3,4
37871782,3,4
394738,3,4
39515261,3,4
39603118,3,4
47483155,3,4
4778202,3,4
5204735,3,4
5644484,3,4
57660691,3,4
63050,3,4
664518,3,4
72833,3,4
7382209,3,4
78094892,3,4
7862898,3,4
8063266,3,4
8218135,3,4
8316471,3,4
85539904,3,4
871541,3,4
9022718,3,4
9288559,3,4
10581789,3,3
11280333,3,3
11502615,3,3
11691715,3,3
11851245,3,3
12584337,3,3
13365786,3,3
1378242,3,3
13991881,3,3
14178801,3,3
14677412,3,3
14689848,3,3
15218027,3,3
15535166,3,3
17660540,3,3
1804857,3,3
18190417,3,3
19059827,3,3
20699052,3,3
2194694,3,3
22935670,3,3
23472144,3,3
2372206,3,3
240011,3,3
24387575,3,3
25272,3,3
25544795,3,3
25905887,3,3
26701433,3,3
27138846,3,3
27489831,3,3
284681,3,3
3026648,3,3
32837383,3,3
33428881,3,3
33762176,3,3
33878623,3,3
34890109,3,3
36141102,3,3
369974,3,3
3718504,3,3
38909925,3,3
3944523,3,3
40424419,3,3
4259791,3,3
4439067,3,3
4443793,3,3
446478,3,3
4565121,3,3
46431609,3,3
5015049,3,3
5067054,3,3
53461411,3,3
5415125,3,3
55443328,3,3
62340725,3,3
6362983,3,3
66607887,3,3
6693359,3,3
732440,3,3
73405958,3,3
74565727,3,3
82371767,3,3
8363789,3,3
839509,3,3
85527990,3,3
88756612,3,3
9212816,3,3
9213,3,3
93420169,3,3
94236634,3,3
95074954,3,3
99632474,3,3
11071799,2,198
39115670,2,128
27112908,2,60
13276357,2,52
12093185,2,47
56894812,2,40
21290615,2,38
7991110,2,38
20704907,2,35
31742068,2,35
128471,2,34
943291,2,32
28784881,2,31
11476862,2,30
1898080,2,29
5052488,2,29
7182237,2,29
87937216,2,28
11054860,2,27
24264222,2,27
22224506,2,25
41209744,2,25
2293522,2,22
71274415,2,22
84945745,2,20
22199398,2,19
3186454,2,19
18519621,2,18
24170511,2,18
29851857,2,18
30720484,2,18
3200708,2,18
46524671,2,18
61956663,2,18
11715820,2,17
13062841,2,17
19705776,2,17
21986840,2,17
28955203,2,17
23082535,2,16
33398348,2,16
30624664,2,15
34621407,2,15
7553209,2,15
96064862,2,15
17704682,2,14
34177244,2,14
39406190,2,14
5461820,2,14
2200997,2,13
34244296,2,13
39471201,2,13
60502440,2,13
11672980,2,12
1415684,2,12
22223020,2,12
23080211,2,12
27429886,2,12
59115274,2,12
82589233,2,12
12308915,2,11
12419338,2,11
14167854,2,11
2665157,2,11
26660586,2,11
28614119,2,11
30817027,2,11
4031114,2,11
606016,2,11
7338963,2,11
7537547,2,11
77986839,2,11
82654061,2,11
87135798,2,11
13563379,2,10
19117452,2,10
20878653,2,10
21622433,2,10
25820230,2,10
29491081,2,10
29631869,2,10
31544477,2,10
32965520,2,10
35038152,2,10
43298305,2,10
52500355,2,10
5510839,2,10
8305007,2,10
84516608,2,10
9063962,2,10
91569975,2,10
17202320,2,9
2407746,2,9
24428165,2,9
2711437,2,9
32600587,2,9
35133377,2,9
37843690,2,9
490458,2,9
5839616,2,9
7312684,2,9
83054711,2,9
8345001,2,9
84045368,2,9
10016742,2,8
12023054,2,8
12389772,2,8
14309661,2,8
14498016,2,8
15078217,2,8
17906677,2,8
19164549,2,8
22072483,2,8
2311352,2,8
26856719,2,8
2908268,2,8
2956665,2,8
30374092,2,8
35446662,2,8
3933993,2,8
4011732,2,8
483433,2,8
491955,2,8
68196788,2,8
7342074,2,8
75400229,2,8
75943575,2,8
84122926,2,8
84700417,2,8
8567542,2,8
9034362,2,8
13540914,2,7
14671832,2,7
20616289,2,7
20888380,2,7
2223548,2,7
242104,2,7
30498975,2,7
3746593,2,7
3878700,2,7
39066716,2,7
39203643,2,7
40031993,2,7
40189700,2,7
417354,2,7
4185380,2,7
5487693,2,7
67036,2,7
7580818,2,7
10780327,2,6
12113821,2,6
12597066,2,6
1295093,2,6
13712635,2,6
13823978,2,6
14036521,2,6
14083761,2,6
14788361,2,6
15801036,2,6
16036560,2,6
1775596,2,6
2036582,2,6
21096379,2,6
21960471,2,6
25156987,2,6
29290989,2,6
2991415,2,6
31949306,2,6
3264576,2,6
34282821,2,6
35560368,2,6
424541,2,6
4296944,2,6
4323408,2,6
56857456,2,6
584824,2,6
68291230,2,6
759691,2,6
8587508,2,6
864262,2,6
86730283,2,6
9040200,2,6
90445319,2,6
91458699,2,6
94535740,2,6
10094517,2,5
10453390,2,5
11205444,2,5
11358875,2,5
11443128,2,5
13096161,2,5
1849772,2,5
185032,2,5
20127992,2,5
21272979,2,5
2207996,2,5
22389,2,5
22659456,2,5
22940794,2,5
2355072,2,5
28333522,2,5
28672632,2,5
29770239,2,5
335800,2,5
36198547,2,5
38149330,2,5
38199078,2,5
39854599,2,5
40541660,2,5
45459804,2,5
5016081,2,5
530153,2,5
59557757,2,5
72325968,2,5
7507748,2,5
80441783,2,5
8316040,2,5
86868804,2,5
92652504,2,5
93733569,2,5
95668012,2,5
10620433,2,4
10853778,2,4
11463309,2,4
11513460,2,4
11785414,2,4
12032083,2,4
12077976,2,4
12312664,2,4
12431842,2,4
13524580,2,4
13546569,2,4
13951113,2,4
14038167,2,4
1433558,2,4
1437619,2,4
14704782,2,4
14756142,2,4
1476081,2,4
158783,2,4
16305720,2,4
16586992,2,4
17854196,2,4
18289032,2,4
1833837,2,4
1848563,2,4
19776517,2,4
2059172,2,4
20807217,2,4
20851838,2,4
2091100,2,4
21662324,2,4
22478317,2,4
22667626,2,4
23084531,2,4
23271345,2,4
233172,2,4
23445929,2,4
2407966,2,4
24212247,2,4
24742784,2,4
24837065,2,4
25250101,2,4
25398517,2,4
27169761,2,4
27624529,2,4
27923146,2,4
28404523,2,4
29074432,2,4
29979407,2,4
30788484,2,4
31800043,2,4
3182648,2,4
32344176,2,4
33832262,2,4
34601261,2,4
34803369,2,4
3598749,2,4
36328236,2,4
36623957,2,4
3697058,2,4
37656551,2,4
37959713,2,4
39278781,2,4
40470587,2,4
4062320,2,4
41975122,2,4
43872674,2,4
4413951,2,4
4420621,2,4
46935640,2,4
4772531,2,4
49331774,2,4
50431614,2,4
5231440,2,4
53362417,2,4
55911191,2,4
5637882,2,4
5942555,2,4
6396709,2,4
6504163,2,4
6637134,2,4
6775921,2,4
67894960,2,4
7026738,2,4
71250314,2,4
7145487,2,4
75911836,2,4
761311,2,4
84017591,2,4
87903264,2,4
88095346,2,4
88978747,2,4
94051047,2,4
9525209,2,4
9608479,2,4
96875643,2,4
9963613,2,4
10318108,2,3
11238798,2,3
11645125,2,3
11865661,2,3
11875466,2,3
12440619,2,3
12632777,2,3
12967254,2,3
13159480,2,3
13733589,2,3
14186825,2,3
14430997,2,3
1477413,2,3
14972339,2,3
15132348,2,3
15297732,2,3
1530255,2,3
16193840,2,3
17086,2,3
17849,2,3
18179768,2,3
18294364,2,3
18678851,2,3
1901790,2,3
19199865,2,3
19488419,2,3
2068087,2,3
21056332,2,3
21159568,2,3
21331813,2,3
2150326,2,3
21590547,2,3
21619356,2,3
21997479,2,3
22028443,2,3
22112254,2,3
221386,2,3
22702561,2,3
23035438,2,3
23338703,2,3
24187791,2,3
24410957,2,3
25604940,2,3
25732676,2,3
260865,2,3
26097245,2,3
29882736,2,3
30999568,2,3
31229011,2,3
3135273,2,3
31395,2,3
32202897,2,3
32509295,2,3
32799136,2,3
33733393,2,3
34071658,2,3
3419913,2,3
36193341,2,3
36973520,2,3
3838136,2,3
39145272,2,3
3925921,2,3
40217797,2,3
4720085,2,3
47308931,2,3
49173496,2,3
49516239,2,3
50477561,2,3
53479349,2,3
5491249,2,3
565203,2,3
5796210,2,3
60501814,2,3
625205,2,3
6337408,2,3
66779242,2,3
67343307,2,3
76602014,2,3
782987,2,3
8051824,2,3
81025653,2,3
83066781,2,3
83167693,2,3
83544101,2,3
83947666,2,3
8680065,2,3
87357233,2,3
8850214,2,3
894909,2,3
895003,2,3
90954877,2,3
93602123,2,3
99813802,2,3
10065045,2,2
100739,2,2
10189925,2,2
10220779,2,2
10768043,2,2
10926675,2,2
11102876,2,2
11401923,2,2
11694119,2,2
11849002,2,2
11946691,2,2
12004698,2,2
12022856,2,2
12031436,2,2
12121466,2,2
12145510,2,2
12146898,2,2
12201213,2,2
12294696,2,2
12321826,2,2
12336000,2,2
12561699,2,2
12569002,2,2
12579691,2,2
12748517,2,2
12761693,2,2
12763565,2,2
12791820,2,2
12792903,2,2
13026215,2,2
13134435,2,2
13223343,2,2
13418583,2,2
13439319,2,2
13440478,2,2
13514601,2,2
1354510,2,2
13619669,2,2
13685887,2,2
1370212,2,2
13742522,2,2
14076956,2,2
14166525,2,2
14365429,2,2
14440852,2,2
1463325,2,2
14819124,2,2
14901257,2,2
15041972,2,2
15124,2,2
15159819,2,2
15380953,2,2
15489730,2,2
15586812,2,2
15817879,2,2
15967137,2,2
15976140,2,2
159765,2,2
1635144,2,2
16394457,2,2
16605737,2,2
1676694,2,2
16984162,2,2
17015546,2,2
17041773,2,2
17051140,2,2
17160,2,2
1723449,2,2
1727195,2,2
1729582,2,2
17622115,2,2
1766388,2,2
17771572,2,2
18088813,2,2
18147443,2,2
18180162,2,2
18248483,2,2
18738891,2,2
1898891,2,2
19105648,2,2
19200768,2,2
19206361,2,2
19226427,2,2
19262721,2,2
19365176,2,2
19388771,2,2
1940010,2,2
19561101,2,2
19561510,2,2
19783385,2,2
19850806,2,2
20360895,2,2
20644014,2,2
2137318,2,2
21944822,2,2
21981445,2,2
2223701,2,2
22315146,2,2
22346995,2,2
22409668,2,2
2262330,2,2
22804542,2,2
22874583,2,2
22977407,2,2
23385190,2,2
23899652,2,2
24048130,2,2
2420313,2,2
242245,2,2
24336017,2,2
24350470,2,2
2437679,2,2
24852952,2,2
25237318,2,2
25407425,2,2
25604171,2,2
25733000,2,2
25748961,2,2
26055224,2,2
26082612,2,2
26106845,2,2
26375187,2,2
26522670,2,2
2652370,2,2
2696152,2,2
27167899,2,2
27173906,2,2
2757864,2,2
27674586,2,2
28389818,2,2
28449323,2,2
28572891,2,2
28657041,2,2
28657098,2,2
28838564,2,2
288482,2,2
28854655,2,2
2905623,2,2
29159607,2,2
29272748,2,2
29324127,2,2
2963403,2,2
29753021,2,2
298382,2,2
2996557,2,2
30054661,2,2
303459,2,2
3042883,2,2
30489258,2,2
30548964,2,2
31497637,2,2
32126548,2,2
3250487,2,2
32518933,2,2
32831089,2,2
3283887,2,2
33122746,2,2
33140819,2,2
334120,2,2
3350318,2,2
33898838,2,2
340809,2,2
34584042,2,2
34662690,2,2
34798697,2,2
34942255,2,2
34978135,2,2
34988789,2,2
35078154,2,2
35167115,2,2
35172619,2,2
35172921,2,2
352984,2,2
35304230,2,2
35504910,2,2
3555076,2,2
35575802,2,2
35739752,2,2
36733462,2,2
36934493,2,2
36997605,2,2
37274508,2,2
37312051,2,2
37474486,2,2
37661847,2,2
37707201,2,2
3787433,2,2
37891443,2,2
37978769,2,2
38398959,2,2
39178453,2,2
3918603,2,2
39208088,2,2
39292110,2,2
3930029,2,2
39688402,2,2
3990413,2,2
40398464,2,2
4063227,2,2
4063983,2,2
407035,2,2
40853787,2,2
4188899,2,2
4201581,2,2
4223730,2,2
4234243,2,2
4257466,2,2
428162,2,2
4301499,2,2
43735363,2,2
43741577,2,2
44129375,2,2
4422575,2,2
4432393,2,2
443278,2,2
44336580,2,2
45579757,2,2
45852613,2,2
4592182,2,2
46498409,2,2
468522,2,2
46895993,2,2
4752394,2,2
4798314,2,2
494532,2,2
4979564,2,2
49836524,2,2
49986254,2,2
501628,2,2
50318245,2,2
50332518,2,2
50422239,2,2
5058986,2,2
507563,2,2
5076694,2,2
50976466,2,2
52001649,2,2
5267557,2,2
53436906,2,2
5472087,2,2
5553147,2,2
5560586,2,2
5563864,2,2
55874141,2,2
5635435,2,2
5668129,2,2
56830829,2,2
5725305,2,2
57389103,2,2
575912,2,2
583000,2,2
5928377,2,2
60321729,2,2
6194620,2,2
62077633,2,2
620873,2,2
626509,2,2
6273730,2,2
63239926,2,2
63668661,2,2
6415011,2,2
6462210,2,2
6473886,2,2
65075195,2,2
6626387,2,2
66398174,2,2
66759348,2,2
6814857,2,2
6832663,2,2
68479094,2,2
68585406,2,2
68817835,2,2
6993384,2,2
7059548,2,2
7106718,2,2
7154832,2,2
71991,2,2
7324201,2,2
7331613,2,2
7332,2,2
73367251,2,2
7405819,2,2
7564355,2,2
75872287,2,2
7607529,2,2
7622861,2,2
7718728,2,2
77212680,2,2
7737386,2,2
7842109,2,2
785531,2,2
7879415,2,2
7886253,2,2
78971881,2,2
793824,2,2
7996002,2,2
8017187,2,2
8049272,2,2
8060956,2,2
8117065,2,2
81190589,2,2
8212670,2,2
82915167,2,2
8313650,2,2
83545601,2,2
8366702,2,2
84927772,2,2
850694,2,2
85431391,2,2
85573605,2,2
8569996,2,2
86639937,2,2
86731828,2,2
86937386,2,2
8726604,2,2
87749570,2,2
877898,2,2
8783013,2,2
87841913,2,2
8809922,2,2
8833933,2,2
89109258,2,2
8915570,2,2
89969021,2,2
900250,2,2
90140413,2,2
90457633,2,2
9103193,2,2
91148392,2,2
913452,2,2
9179233,2,2
93585602,2,2
936555,2,2
93674117,2,2
93986348,2,2
94116608,2,2
94652118,2,2
9556116,2,2
96504180,2,2
9660960,2,2
97533607,2,2
98710271,2,2
99719042,2,2
23419631,1,128
15304748,1,89
31633182,1,49
4578837,1,46
23393664,1,40
47960438,1,37
11130849,1,34
36322101,1,34
38906825,1,31
38488604,1,28
21603605,1,27
2094959,1,26
20831730,1,25
22899606,1,24
6872447,1,23
23020216,1,22
8292900,1,21
42486028,1,19
34906383,1,18
23900425,1,17
42419711,1,17
5714105,1,17
74109384,1,17
50701598,1,16
2818393,1,15
3278213,1,15
75086860,1,15
8404089,1,15
5725975,1,14
13014285,1,13
35285794,1,13
37389122,1,13
37401553,1,13
5060941,1,13
10434993,1,12
16069371,1,12
17440854,1,12
21404902,1,12
27288745,1,12
6374907,1,12
85320906,1,12
92810304,1,12
943110,1,12
30166763,1,11
31834466,1,11
35749956,1,11
51133490,1,11
74203884,1,11
82065171,1,11
856118,1,11
90616884,1,11
11842121,1,10
2363694,1,10
2504177,1,10
25732200,1,10
2801422,1,10
30049445,1,10
324246,1,10
44665898,1,10
49951025,1,10
6404039,1,10
8719747,1,10
872222,1,10
10228124,1,9
161621,1,9
18757974,1,9
2224824,1,9
22622196,1,9
27067785,1,9
27569774,1,9
2981238,1,9
32332895,1,9
36830947,1,9
37081517,1,9
37617090,1,9
467736,1,9
478634,1,9
574862,1,9
6486104,1,9
7045914,1,9
8192659,1,9
8381959,1,9
9297922,1,9
94903797,1,9
10717422,1,8
14083878,1,8
19903522,1,8
21979097,1,8
24461420,1,8
25738900,1,8
26038823,1,8
3136261,1,8
32210330,1,8
34791312,1,8
35986803,1,8
37415686,1,8
38809221,1,8
4186103,1,8
6014152,1,8
83196524,1,8
8441048,1,8
8835360,1,8
95786780,1,8
10924812,1,7
12176328,1,7
13482199,1,7
15867,1,7
20184275,1,7
21534770,1,7
27211987,1,7
2788462,1,7
28406357,1,7
29683312,1,7
34089321,1,7
35601352,1,7
4834838,1,7
5078478,1,7
6344261,1,7
7956463,1,7
80535525,1,7
84287313,1,7
85946635,1,7
10734473,1,6
11901189,1,6
12129999,1,6
12489723,1,6
12910451,1,6
1315288,1,6
1320025,1,6
14021125,1,6
16372831,1,6
17099774,1,6
19513255,1,6
19963960,1,6
21872576,1,6
23468348,1,6
29917076,1,6
34291588,1,6
35278307,1,6
353022,1,6
35338446,1,6
35986995,1,6
37787617,1,6
3793018,1,6
40158377,1,6
442581,1,6
46739343,1,6
65704743,1,6
6613542,1,6
66757463,1,6
7600082,1,6
8289300,1,6
87197856,1,6
87616182,1,6
89657799,1,6
9067870,1,6
10448669,1,5
12196138,1,5
1334630,1,5
13502594,1,5
14738158,1,5
1576697,1,5
17014254,1,5
17837714,1,5
18145725,1,5
1956382,1,5
21552268,1,5
2163521,1,5
21919063,1,5
24227559,1,5
2427396,1,5
2462078,1,5
25496950,1,5
2553250,1,5
2608750,1,5
26097505,1,5
28965702,1,5
32434462,1,5
32863413,1,5
32973529,1,5
33384375,1,5
3476681,1,5
35416780,1,5
35767274,1,5
36842681,1,5
4210258,1,5
4295463,1,5
43800937,1,5
49592495,1,5
5400767,1,5
564556,1,5
6417325,1,5
66083569,1,5
66880134,1,5
7431328,1,5
7542893,1,5
77986371,1,5
796648,1,5
8073932,1,5
83142795,1,5
83727625,1,5
88472270,1,5
10015470,1,4
10468077,1,4
11161835,1,4
11396629,1,4
11677456,1,4
11782838,1,4
11829539,1,4
12827613,1,4
12944028,1,4
12992475,1,4
13137240,1,4
14274834,1,4
147811,1,4
17178880,1,4
17757963,1,4
18048515,1,4
19012389,1,4
19208655,1,4
20012252,1,4
2048690,1,4
20626868,1,4
2124520,1,4
22756515,1,4
23759409,1,4
23814774,1,4
24234136,1,4
24726312,1,4
24898205,1,4
2611929,1,4
265223,1,4
27701107,1,4
27793996,1,4
280758,1,4
282186,1,4
28755183,1,4
29137621,1,4
29349478,1,4
31351274,1,4
32942444,1,4
33003679,1,4
33512224,1,4
33811098,1,4
3402162,1,4
35213002,1,4
3718259,1,4
37261205,1,4
37816852,1,4
38115706,1,4
38137508,1,4
38400319,1,4
38768076,1,4
391828,1,4
39224796,1,4
40074965,1,4
4009798,1,4
40419584,1,4
4196931,1,4
42838354,1,4
4520434,1,4
45418000,1,4
4774134,1,4
509562,1,4
54455436,1,4
5467583,1,4
5723775,1,4
5985359,1,4
6459065,1,4
6504199,1,4
66419338,1,4
66610173,1,4
689245,1,4
69937686,1,4
7274209,1,4
73482546,1,4
73530959,1,4
76880871,1,4
81689922,1,4
8246713,1,4
87373241,1,4
9124446,1,4
91392221,1,4
9587204,1,4
96343175,1,4
9636405,1,4
97092739,1,4
97816286,1,4
10522331,1,3
10579571,1,3
10851970,1,3
10858712,1,3
11022063,1,3
11412128,1,3
11553127,1,3
11604480,1,3
11713185,1,3
11737907,1,3
11777681,1,3
11791376,1,3
12352911,1,3
12407170,1,3
12601671,1,3
12615626,1,3
12735411,1,3
13395159,1,3
13535919,1,3
13780582,1,3
13870163,1,3
14236184,1,3
1437710,1,3
14379773,1,3
1449440,1,3
15026868,1,3
1512659,1,3
15237027,1,3
15347555,1,3
15362142,1,3
1558432,1,3
16047140,1,3
1626643,1,3
17227810,1,3
17398254,1,3
17628483,1,3
17817241,1,3
17890707,1,3
1831141,1,3
18350103,1,3
1862920,1,3
1864837,1,3
18701452,1,3
193865,1,3
19487195,1,3
1976429,1,3
2001318,1,3
20381053,1,3
20448453,1,3
21718045,1,3
21894,1,3
21931342,1,3
22042978,1,3
22503661,1,3
22890209,1,3
22971718,1,3
23165841,1,3
23290224,1,3
23470949,1,3
23645723,1,3
24173428,1,3
24254619,1,3
24533520,1,3
2493282,1,3
25496867,1,3
25716533,1,3
25767850,1,3
26630679,1,3
2706073,1,3
271023,1,3
2717203,1,3
28291869,1,3
28667016,1,3
2906811,1,3
29086712,1,3
29182062,1,3
2951427,1,3
29910881,1,3
3073454,1,3
31261812,1,3
31498731,1,3
3155431,1,3
31667521,1,3
32694875,1,3
32910001,1,3
33219752,1,3
33569262,1,3
33726460,1,3
33748881,1,3
33966122,1,3
34230365,1,3
34681904,1,3
35074722,1,3
35136928,1,3
35274456,1,3
35339352,1,3
35379023,1,3
35624104,1,3
35753755,1,3
35930392,1,3
36416770,1,3
365800,1,3
36603839,1,3
36817472,1,3
3683722,1,3
375097,1,3
3857630,1,3
3916827,1,3
39345955,1,3
394869,1,3
395330,1,3
40411305,1,3
40472896,1,3
40735857,1,3
40761293,1,3
41039855,1,3
4151249,1,3
42282793,1,3
4317276,1,3
45037859,1,3
47330639,1,3
475215,1,3
47583781,1,3
48671741,1,3
4922505,1,3
49439078,1,3
502025,1,3
50444219,1,3
513930,1,3
51546547,1,3
5242923,1,3
5283211,1,3
5328552,1,3
53741545,1,3
5374762,1,3
54173714,1,3
5489128,1,3
55411625,1,3
559508,1,3
5755146,1,3
57563979,1,3
59499105,1,3
65701982,1,3
6596909,1,3
6858401,1,3
7022240,1,3
7576296,1,3
7625361,1,3
76842148,1,3
7786754,1,3
77907749,1,3
787626,1,3
8104071,1,3
82183987,1,3
8271796,1,3
8327644,1,3
8407241,1,3
8514808,1,3
85849404,1,3
86273682,1,3
8659072,1,3
87346530,1,3
87393040,1,3
87725585,1,3
8793780,1,3
8882524,1,3
8900666,1,3
89350815,1,3
8982224,1,3
9055879,1,3
91698823,1,3
9357656,1,3
9445646,1,3
94887071,1,3
9517644,1,3
95845527,1,3
98219723,1,3
98750236,1,3
10136834,1,2
10428382,1,2
10709920,1,2
10729358,1,2
10753221,1,2
10859391,1,2
11066521,1,2
11199079,1,2
11216276,1,2
11369737,1,2
11489557,1,2
11510411,1,2
11586198,1,2
11588783,1,2
11628659,1,2
11657447,1,2
11703458,1,2
11829970,1,2
11955816,1,2
12015387,1,2
12089037,1,2
12194097,1,2
12339557,1,2
12343934,1,2
12394019,1,2
12728527,1,2
12851218,1,2
12867892,1,2
13116483,1,2
13126840,1,2
13175,1,2
13320793,1,2
13334836,1,2
13413521,1,2
13434781,1,2
13439545,1,2
13612414,1,2
13621604,1,2
13629950,1,2
13728811,1,2
1374594,1,2
13761896,1,2
13814959,1,2
13854521,1,2
13932075,1,2
14012872,1,2
14063005,1,2
14245321,1,2
14272452,1,2
14371759,1,2
14782541,1,2
14908603,1,2
14920483,1,2
14934106,1,2
15128106,1,2
15364961,1,2
15410900,1,2
15436790,1,2
154377,1,2
155438,1,2
15641549,1,2
1574160,1,2
16041761,1,2
1646492,1,2
16472224,1,2
16642121,1,2
16649313,1,2
1668704,1,2
16987164,1,2
17078384,1,2
1712489,1,2
17224405,1,2
17588702,1,2
17731934,1,2
1776217,1,2
1786188,1,2
17873178,1,2
18113401,1,2
18225194,1,2
18342947,1,2
18634500,1,2
1867107,1,2
18976148,1,2
19051955,1,2
19651972,1,2
19769182,1,2
19816642,1,2
19872,1,2
19977915,1,2
20074004,1,2
20110757,1,2
20232735,1,2
20274382,1,2
20550709,1,2
20612578,1,2
2083023,1,2
2088122,1,2
21131465,1,2
2145261,1,2
21455266,1,2
21600916,1,2
21749524,1,2
21938708,1,2
21961931,1,2
21991733,1,2
22042896,1,2
22044743,1,2
22338695,1,2
22422126,1,2
22520764,1,2
22845765,1,2
23003843,1,2
2313630,1,2
23183338,1,2
23197076,1,2
23575333,1,2
23689016,1,2
23794897,1,2
2391190,1,2
2393282,1,2
24035025,1,2
24047489,1,2
24200888,1,2
24276288,1,2
24302676,1,2
24326708,1,2
24339020,1,2
24420058,1,2
2443178,1,2
24602618,1,2
246713,1,2
24780523,1,2
24867334,1,2
24930351,1,2
249388,1,2
24951184,1,2
25013771,1,2
2504300,1,2
25079948,1,2
25286112,1,2
25313067,1,2
25424364,1,2
25438749,1,2
2556608,1,2
2565,1,2
2573514,1,2
25884069,1,2
26049874,1,2
26058057,1,2
2635963,1,2
26609422,1,2
26789654,1,2
268966,1,2
27030658,1,2
27058928,1,2
27317391,1,2
27339924,1,2
27390622,1,2
2748661,1,2
27540898,1,2
27627380,1,2
2765837,1,2
28022750,1,2
28057684,1,2
28102110,1,2
28372397,1,2
28372418,1,2
28669993,1,2
28782496,1,2
28983273,1,2
28983759,1,2
2899045,1,2
29024889,1,2
29065794,1,2
29273683,1,2
2935656,1,2
2941903,1,2
2948915,1,2
2953998,1,2
30114705,1,2
30532227,1,2
307434,1,2
30883111,1,2
3091193,1,2
3107166,1,2
31159236,1,2
31306503,1,2
31353774,1,2
31448126,1,2
3163955,1,2
3185811,1,2
320081,1,2
32058210,1,2
3207424,1,2
32356377,1,2
3260946,1,2
32646207,1,2
3299762,1,2
3336865,1,2
33379160,1,2
33386656,1,2
33533121,1,2
3357297,1,2
336048,1,2
3384011,1,2
34078969,1,2
34315563,1,2
34526326,1,2
34556606,1,2
34774367,1,2
35113097,1,2
35254580,1,2
35313920,1,2
3543992,1,2
35480266,1,2
35884484,1,2
35901629,1,2
35950767,1,2
36103867,1,2
36611105,1,2
36649589,1,2
36769375,1,2
37075256,1,2
37350439,1,2
37486264,1,2
37800749,1,2
37806261,1,2
38512444,1,2
38985054,1,2
39035213,1,2
391752,1,2
391816,1,2
39445997,1,2
3960646,1,2
405532,1,2
40833708,1,2
4206548,1,2
421690,1,2
42366,1,2
42408783,1,2
42484755,1,2
4273314,1,2
42876553,1,2
43239662,1,2
43483150,1,2
43970459,1,2
43984762,1,2
4400410,1,2
44202608,1,2
44407176,1,2
44607533,1,2
44747101,1,2
44919869,1,2
44922873,1,2
45020853,1,2
452118,1,2
45233690,1,2
45727238,1,2
474468,1,2
47566882,1,2
4759677,1,2
4770016,1,2
479464,1,2
4823094,1,2
48434,1,2
4906646,1,2
49834089,1,2
50535270,1,2
50715274,1,2
5071601,1,2
5122069,1,2
51455223,1,2
51925516,1,2
52245123,1,2
52647953,1,2
531860,1,2
543597,1,2
5442034,1,2
54968803,1,2
550015,1,2
5515341,1,2
5516115,1,2
55345,1,2
554354,1,2
554649,1,2
5582688,1,2
5658291,1,2
5699539,1,2
5720994,1,2
57269632,1,2
5772476,1,2
5774810,1,2
583402,1,2
591492,1,2
6013183,1,2
610811,1,2
6189079,1,2
61911647,1,2
622966,1,2
6243652,1,2
62947783,1,2
63123190,1,2
64163522,1,2
6525263,1,2
65415372,1,2
6799486,1,2
6813243,1,2
6846350,1,2
7129845,1,2
71352930,1,2
71814697,1,2
7249486,1,2
730257,1,2
73363204,1,2
74058787,1,2
7440661,1,2
747163,1,2
7609879,1,2
77003313,1,2
7909367,1,2
7985500,1,2
80220093,1,2
80274809,1,2
81540767,1,2
8179739,1,2
8193512,1,2
82351728,1,2
8245679,1,2
8315382,1,2
83492145,1,2
83539662,1,2
837463,1,2
8395399,1,2
8401125,1,2
840906,1,2
84120007,1,2
84126381,1,2
84175729,1,2
8423391,1,2
84273145,1,2
8435998,1,2
8455549,1,2
8504152,1,2
85270612,1,2
85625108,1,2
85897553,1,2
85974412,1,2
863910,1,2
86495928,1,2
86660565,1,2
86708015,1,2
87469170,1,2
87770607,1,2
87798157,1,2
87901081,1,2
8814446,1,2
88557374,1,2
885836,1,2
8865140,1,2
88745944,1,2
8876105,1,2
89114585,1,2
89251365,1,2
89258961,1,2
909509,1,2
9096683,1,2
91293821,1,2
91434930,1,2
9152361,1,2
9169803,1,2
9229336,1,2
92611,1,2
9275297,1,2
9276970,1,2
92937563,1,2
93010213,1,2
93463110,1,2
935485,1,2
93645319,1,2
9403520,1,2
94611768,1,2
94927580,1,2
9534850,1,2
9565484,1,2
9581788,1,2
9599892,1,2
96006934,1,2
97059309,1,2
97512434,1,2
98605481,1,2
99992347,1,2
10034871,1,1
10048310,1,1
10065909,1,1
10070150,1,1
10155667,1,1
10224299,1,1
10250897,1,1
10260199,1,1
10292533,1,1
10292728,1,1
10295826,1,1
10319737,1,1
10320481,1,1
10347164,1,1
103754,1,1
10412358,1,1
10544451,1,1
10569126,1,1
10580067,1,1
10640867,1,1
10665344,1,1
10699292,1,1
10706585,1,1
10733079,1,1
10777,1,1
10808355,1,1
10892314,1,1
10955671,1,1
10978141,1,1
10984870,1,1
11040003,1,1
11055760,1,1
11071495,1,1
11089842,1,1
11117352,1,1
11125023,1,1
11130643,1,1
1113240,1,1
11160129,1,1
111644,1,1
11210853,1,1
11217621,1,1
11223229,1,1
11223996,1,1
11239677,1,1
11244621,1,1
11257082,1,1
11263621,1,1
11263661,1,1
11269465,1,1
11358109,1,1
11369167,1,1
11383461,1,1
11386707,1,1
11438182,1,1
11452410,1,1
11459299,1,1
11483567,1,1
11498750,1,1
11530658,1,1
11533259,1,1
11554825,1,1
11555804,1,1
11601787,1,1
11604899,1,1
11605412,1,1
11621965,1,1
11653291,1,1
11654318,1,1
116622,1,1
11675494,1,1
116821,1,1
11691230,1,1
11703063,1,1
11720548,1,1
11726302,1,1
11738616,1,1
11792745,1,1
11803742,1,1
11814647,1,1
11839466,1,1
11841045,1,1
11852947,1,1
11869493,1,1
11879687,1,1
11882562,1,1
11919756,1,1
11926900,1,1
11962171,1,1
11963367,1,1
11965646,1,1
11976248,1,1
11992857,1,1
12002055,1,1
12038900,1,1
12057352,1,1
12065279,1,1
12084079,1,1
12088224,1,1
12088305,1,1
12117172,1,1
12125598,1,1
12128021,1,1
12138203,1,1
12147919,1,1
12148947,1,1
12155680,1,1
12169374,1,1
12172123,1,1
12198106,1,1
12202114,1,1
12209240,1,1
122548,1,1
122681,1,1
123036,1,1
12332761,1,1
12346056,1,1
12363435,1,1
12468133,1,1
12509018,1,1
12511557,1,1
12562342,1,1
12566188,1,1
12578013,1,1
12618547,1,1
12678822,1,1
12679756,1,1
12699375,1,1
12700993,1,1
127130,1,1
12724009,1,1
12748545,1,1
1275891,1,1
1277615,1,1
12782207,1,1
1278696,1,1
12790738,1,1
12793565,1,1
128081,1,1
12833761,1,1
1283421,1,1
12852961,1,1
12902942,1,1
12914292,1,1
12921629,1,1
12938306,1,1
1293975,1,1
12958757,1,1
1297442,1,1
12992494,1,1
13013181,1,1
13018047,1,1
13075474,1,1
13082524,1,1
13088874,1,1
13107741,1,1
1311230,1,1
13134416,1,1
13136784,1,1
13155810,1,1
13164486,1,1
13187132,1,1
13197009,1,1
13202190,1,1
13204711,1,1
13211069,1,1
1324139,1,1
13273539,1,1
132825,1,1
13295119,1,1
13304417,1,1
13305794,1,1
13330288,1,1
13410679,1,1
13425538,1,1
13428624,1,1
1345445,1,1
13483154,1,1
13501553,1,1
13501564,1,1
1351619,1,1
13520251,1,1
13555097,1,1
13604166,1,1
13681632,1,1
13716438,1,1
13727499,1,1
13751965,1,1
13763431,1,1
13837921,1,1
13841980,1,1
13849559,1,1
13875174,1,1
13876895,1,1
138790,1,1
13881245,1,1
13887704,1,1
13904481,1,1
13946794,1,1
13972953,1,1
13998927,1,1
14002999,1,1
14005769,1,1
1402657,1,1
1403088,1,1
14051038,1,1
14072888,1,1
14111466,1,1
14122522,1,1
1414096,1,1
14172863,1,1
14186333,1,1
14233079,1,1
1431527,1,1
14322760,1,1
14326381,1,1
1438238,1,1
14424186,1,1
1444706,1,1
14448899,1,1
144612,1,1
14476734,1,1
145034,1,1
14520080,1,1
14547848,1,1
14610128,1,1
14631158,1,1
1465841,1,1
14667696,1,1
146718,1,1
14685991,1,1
14742076,1,1
14746102,1,1
14812049,1,1
148561,1,1
14881290,1,1
1499713,1,1
1499736,1,1
1500142,1,1
15012385,1,1
1503955,1,1
1505910,1,1
15105061,1,1
15148982,1,1
1516718,1,1
15168223,1,1
15176673,1,1
15245403,1,1
1527457,1,1
1528332,1,1
15317386,1,1
15330253,1,1
15388228,1,1
15393786,1,1
15425039,1,1
15428313,1,1
15458189,1,1
1551513,1,1
15546830,1,1
1559836,1,1
15675130,1,1
15706316,1,1
15711929,1,1
1572694,1,1
1578843,1,1
15789641,1,1
15823050,1,1
15885497,1,1
15887040,1,1
15951896,1,1
15973962,1,1
1599822,1,1
16005527,1,1
16007692,1,1
1603608,1,1
1604824,1,1
16055415,1,1
16101718,1,1
16136300,1,1
16183840,1,1
16226631,1,1
16248344,1,1
1630863,1,1
1634957,1,1
163497,1,1
16371111,1,1
16430197,1,1
164404,1,1
16445638,1,1
16447841,1,1
16545076,1,1
16555585,1,1
16647166,1,1
16660886,1,1
16781649,1,1
1678865,1,1
16797032,1,1
1688045,1,1
1691742,1,1
16935795,1,1
16963209,1,1
17006881,1,1
17009858,1,1
1703962,1,1
17077522,1,1
17116502,1,1
1717371,1,1
17197972,1,1
17206772,1,1
17213724,1,1
17238907,1,1
17273950,1,1
1731518,1,1
17367494,1,1
17407612,1,1
17433265,1,1
1746859,1,1
17474140,1,1
17490424,1,1
17501614,1,1
17647642,1,1
17663971,1,1
17686003,1,1
1769067,1,1
17691271,1,1
17767711,1,1
17843341,1,1
17860887,1,1
17954457,1,1
17978927,1,1
181421,1,1
1817969,1,1
18189870,1,1
18205093,1,1
1825825,1,1
18272920,1,1
1842130,1,1
1844064,1,1
1846817,1,1
18504388,1,1
18654966,1,1
18705240,1,1
18708831,1,1
18711065,1,1
18728538,1,1
18759257,1,1
1882624,1,1
1888767,1,1
19000206,1,1
19018939,1,1
1909035,1,1
19147011,1,1
19249117,1,1
19249661,1,1
19370991,1,1
19391203,1,1
19483008,1,1
19501078,1,1
19502677,1,1
1953688,1,1
1953767,1,1
19575373,1,1
19597066,1,1
1960546,1,1
19616113,1,1
19755242,1,1
19810850,1,1
1983538,1,1
1984863,1,1
19848742,1,1
19853496,1,1
19888303,1,1
19915459,1,1
19927072,1,1
19929988,1,1
19961012,1,1
19963251,1,1
19969603,1,1
19984614,1,1
20061203,1,1
20066043,1,1
20067390,1,1
20126046,1,1
2018117,1,1
20207426,1,1
2032487,1,1
2032532,1,1
203594,1,1
20373707,1,1
20391521,1,1
204577,1,1
20458484,1,1
20465937,1,1
20538407,1,1
2056677,1,1
20577859,1,1
20580921,1,1
20589368,1,1
2061821,1,1
20653,1,1
20750305,1,1
2081658,1,1
20845241,1,1
20867810,1,1
20959510,1,1
21006476,1,1
210143,1,1
2104459,1,1
2106338,1,1
21074866,1,1
21088084,1,1
2110818,1,1
21176247,1,1
21179302,1,1
2119545,1,1
2121200,1,1
21214704,1,1
21218246,1,1
21228678,1,1
21253523,1,1
21254408,1,1
2126142,1,1
2134813,1,1
21484894,1,1
21494785,1,1
21511477,1,1
21572892,1,1
21591601,1,1
216327,1,1
21680929,1,1
21747507,1,1
21747598,1,1
21782872,1,1
21794829,1,1
219632,1,1
21963309,1,1
21980461,1,1
22023926,1,1
22073330,1,1
22170670,1,1
2217196,1,1
22212222,1,1
22281390,1,1
22340000,1,1
22366620,1,1
22520135,1,1
22525344,1,1
2252562,1,1
2255243,1,1
22609954,1,1
22622715,1,1
22635022,1,1
22637997,1,1
22670964,1,1
2267565,1,1
22753507,1,1
227639,1,1
227834,1,1
22793536,1,1
22831784,1,1
22884789,1,1
22892603,1,1
22918792,1,1
2294446,1,1
22985821,1,1
23021203,1,1
23029860,1,1
23074184,1,1
23086080,1,1
23102079,1,1
231169,1,1
23157476,1,1
23175211,1,1
23194646,1,1
23225652,1,1
23246588,1,1
23265527,1,1
23282526,1,1
23301380,1,1
23338482,1,1
23343440,1,1
23361262,1,1
23367126,1,1
23390188,1,1
23528805,1,1
23557816,1,1
23598108,1,1
23625250,1,1
23627645,1,1
23726528,1,1
23733216,1,1
23738083,1,1
23756637,1,1
23768765,1,1
23818379,1,1
2385986,1,1
23921951,1,1
239510,1,1
23969897,1,1
23970832,1,1
24000270,1,1
2403252,1,1
24053379,1,1
24113313,1,1
24143705,1,1
241440,1,1
2418898,1,1
24312653,1,1
24324372,1,1
24338999,1,1
24346157,1,1
24372016,1,1
24395821,1,1
24465475,1,1
2448816,1,1
2453832,1,1
24547761,1,1
24824857,1,1
24835033,1,1
24840937,1,1
24842666,1,1
24889496,1,1
24898462,1,1
24902389,1,1
24944817,1,1
24959710,1,1
24973627,1,1
2505370,1,1
25099360,1,1
25158312,1,1
25161126,1,1
25176933,1,1
2520396,1,1
2521164,1,1
2524170,1,1
2525611,1,1
25266225,1,1
25274448,1,1
25330044,1,1
2542704,1,1
2544259,1,1
25513911,1,1
25520291,1,1
25548122,1,1
25660012,1,1
25673147,1,1
25679205,1,1
25682817,1,1
25727396,1,1
25743747,1,1
25868309,1,1
25895544,1,1
2603516,1,1
26056237,1,1
2606283,1,1
2606462,1,1
26066538,1,1
26071937,1,1
26118266,1,1
2612008,1,1
26143911,1,1
26158161,1,1
26161211,1,1
2624513,1,1
2633650,1,1
26342019,1,1
26348442,1,1
2641922,1,1
2643834,1,1
26455113,1,1
26468952,1,1
2648588,1,1
26488263,1,1
26514942,1,1
26519008,1,1
26586189,1,1
26589610,1,1
2660301,1,1
2666948,1,1
26683958,1,1
2669486,1,1
26791749,1,1
2683480,1,1
26897146,1,1
26897466,1,1
26949249,1,1
2696907,1,1
27141622,1,1
27185671,1,1
27186343,1,1
2721189,1,1
272275,1,1
27234723,1,1
27288464,1,1
27330025,1,1
27331265,1,1
27408967,1,1
27476403,1,1
27765170,1,1
27803452,1,1
27898921,1,1
27926763,1,1
27996929,1,1
28217530,1,1
282526,1,1
28268300,1,1
28272707,1,1
28281542,1,1
28292232,1,1
28320190,1,1
28326081,1,1
2839153,1,1
2839805,1,1
28483784,1,1
28513235,1,1
28542496,1,1
28587153,1,1
2859251,1,1
28600430,1,1
286152,1,1
28769573,1,1
2884198,1,1
28896488,1,1
28945430,1,1
28964997,1,1
29136123,1,1
29149128,1,1
29190720,1,1
29231309,1,1
29289553,1,1
29372016,1,1
29376540,1,1
29381375,1,1
29390107,1,1
293967,1,1
29403595,1,1
2940725,1,1
29453639,1,1
29454704,1,1
29486345,1,1
29504561,1,1
29525165,1,1
2960655,1,1
29632283,1,1
29659856,1,1
29676334,1,1
29783383,1,1
29832945,1,1
29860653,1,1
29875642,1,1
2990831,1,1
29976303,1,1
29996264,1,1
30003172,1,1
30048034,1,1
30059453,1,1
3008443,1,1
30120102,1,1
30122161,1,1
30123748,1,1
30206092,1,1
3023676,1,1
3025250,1,1
30266201,1,1
30369426,1,1
30521680,1,1
30535589,1,1
30573758,1,1
30601016,1,1
3061223,1,1
30616448,1,1
30631062,1,1
30703137,1,1
30730914,1,1
3085731,1,1
30950805,1,1
30970475,1,1
30971708,1,1
30973919,1,1
30998705,1,1
3122555,1,1
312382,1,1
3130829,1,1
31363732,1,1
31407261,1,1
314739,1,1
31495902,1,1
3171076,1,1
3177003,1,1
31866984,1,1
31926791,1,1
3193727,1,1
3201367,1,1
32150420,1,1
32154172,1,1
32161100,1,1
32167858,1,1
3219189,1,1
32233293,1,1
32310062,1,1
32318989,1,1
32338585,1,1
32375759,1,1
32386664,1,1
3239440,1,1
32475252,1,1
32634737,1,1
3264439,1,1
32646497,1,1
32671299,1,1
32812499,1,1
32852057,1,1
32873685,1,1
32875258,1,1
32883247,1,1
32899093,1,1
32963425,1,1
32991408,1,1
33026977,1,1
33030701,1,1
3306237,1,1
33076713,1,1
33079144,1,1
33120187,1,1
33198773,1,1
3325267,1,1
333482,1,1
33363206,1,1
33540689,1,1
33615001,1,1
3363154,1,1
3364175,1,1
3365538,1,1
33730785,1,1
33745163,1,1
33755330,1,1
33776116,1,1
33790869,1,1
33854140,1,1
33929343,1,1
33966184,1,1
33967681,1,1
34006172,1,1
34024313,1,1
34087491,1,1
34101803,1,1
34103505,1,1
34132125,1,1
34136945,1,1
34168439,1,1
3418319,1,1
34196822,1,1
34308745,1,1
34316054,1,1
3432192,1,1
3438122,1,1
34446409,1,1
344926,1,1
34492723,1,1
34494975,1,1
34509534,1,1
34555170,1,1
3456547,1,1
34571904,1,1
34629610,1,1
34656502,1,1
34660224,1,1
34686365,1,1
34711383,1,1
34776646,1,1
34817589,1,1
34886284,1,1
34911831,1,1
34931488,1,1
34951241,1,1
34995842,1,1
35000808,1,1
35000977,1,1
35009756,1,1
35022009,1,1
3505035,1,1
35055589,1,1
3506960,1,1
35108797,1,1
35108918,1,1
35125436,1,1
35154447,1,1
351608,1,1
35238927,1,1
3524099,1,1
35266808,1,1
35377322,1,1
35407394,1,1
35411108,1,1
35471657,1,1
35524467,1,1
35598067,1,1
35598594,1,1
35618498,1,1
35716849,1,1
357438,1,1
35822609,1,1
35828756,1,1
35901162,1,1
3591081,1,1
35926781,1,1
35942582,1,1
3600071,1,1
36004087,1,1
36042587,1,1
36042790,1,1
36101863,1,1
36128472,1,1
36171494,1,1
36175422,1,1
36177758,1,1
36229159,1,1
36258193,1,1
362798,1,1
36330627,1,1
36398903,1,1
36467797,1,1
36510342,1,1
36545659,1,1
3657831,1,1
36579649,1,1
36614333,1,1
367661,1,1
36785054,1,1
36785157,1,1
368666,1,1
36958798,1,1
36972030,1,1
36978901,1,1
37057835,1,1
37171570,1,1
37189997,1,1
37216490,1,1
372638,1,1
37270239,1,1
37270687,1,1
3732275,1,1
37433719,1,1
37439088,1,1
37477133,1,1
3748756,1,1
37502437,1,1
37525509,1,1
37597630,1,1
37598571,1,1
37646364,1,1
37704380,1,1
37779944,1,1
37791812,1,1
37831242,1,1
37855966,1,1
37881530,1,1
37886097,1,1
37890226,1,1
37949996,1,1
37999224,1,1
380509,1,1
38055617,1,1
38076260,1,1
38086060,1,1
38103153,1,1
38145316,1,1
3817875,1,1
382166,1,1
38218101,1,1
38276825,1,1
3830213,1,1
3833724,1,1
38392571,1,1
38472931,1,1
38476652,1,1
38516454,1,1
3852391,1,1
38535289,1,1
38546465,1,1
38621056,1,1
38627685,1,1
38633191,1,1
38643298,1,1
38672171,1,1
386730,1,1
38674670,1,1
38675062,1,1
3869559,1,1
3871300,1,1
38831810,1,1
38864,1,1
38902425,1,1
38907378,1,1
3891046,1,1
38938567,1,1
38942766,1,1
389467,1,1
38993609,1,1
38997271,1,1
39093855,1,1
39142218,1,1
394344,1,1
39436455,1,1
39473166,1,1
39503351,1,1
395684,1,1
39664448,1,1
39701886,1,1
3978136,1,1
39782439,1,1
39804367,1,1
39836275,1,1
39959565,1,1
39992444,1,1
40029539,1,1
40043075,1,1
40067253,1,1
40083793,1,1
40164203,1,1
40606180,1,1
40620846,1,1
40655666,1,1
4071788,1,1
40732360,1,1
40759951,1,1
4085082,1,1
4089178,1,1
40895773,1,1
40903789,1,1
4108961,1,1
4121302,1,1
414732,1,1
4154386,1,1
41579,1,1
41597319,1,1
41646554,1,1
4175698,1,1
41801300,1,1
4210820,1,1
421162,1,1
42310590,1,1
4239805,1,1
4242268,1,1
4269386,1,1
427025,1,1
42838547,1,1
43092585,1,1
43182117,1,1
4332331,1,1
4339175,1,1
4342180,1,1
43435206,1,1
43501668,1,1
4354547,1,1
43705331,1,1
4371918,1,1
4379116,1,1
43906461,1,1
43944312,1,1
4395508,1,1
44036328,1,1
443339,1,1
4447150,1,1
44476776,1,1
4452442,1,1
44564109,1,1
44615,1,1
44638013,1,1
44686481,1,1
44701757,1,1
44706680,1,1
44955753,1,1
4502339,1,1
45264605,1,1
4535176,1,1
4539129,1,1
4555009,1,1
45692031,1,1
45772021,1,1
4594587,1,1
46056368,1,1
4620235,1,1
4635686,1,1
4639500,1,1
4692478,1,1
469483,1,1
4700386,1,1
4738892,1,1
47485492,1,1
475938,1,1
47709096,1,1
4772411,1,1
47787848,1,1
4779101,1,1
4787273,1,1
4793748,1,1
48029318,1,1
4847624,1,1
4849831,1,1
486595,1,1
4868777,1,1
486904,1,1
48701522,1,1
4892096,1,1
48947697,1,1
489946,1,1
4904109,1,1
4910455,1,1
491521,1,1
49392141,1,1
4942511,1,1
4950887,1,1
49516570,1,1
49592302,1,1
49665325,1,1
49667967,1,1
49689886,1,1
497557,1,1
4977339,1,1
49778924,1,1
49810575,1,1
49815063,1,1
49829228,1,1
4985413,1,1
4994943,1,1
4998054,1,1
49987997,1,1
50000865,1,1
50071020,1,1
5028531,1,1
5029026,1,1
5031678,1,1
50722091,1,1
50798813,1,1
51026625,1,1
51194187,1,1
511993,1,1
5124376,1,1
51264631,1,1
51264740,1,1
5148369,1,1
515255,1,1
51549494,1,1
5163966,1,1
51640214,1,1
51760752,1,1
51812110,1,1
51907052,1,1
520270,1,1
5205802,1,1
52149968,1,1
52156162,1,1
5230136,1,1
52448357,1,1
52449391,1,1
52486465,1,1
52489153,1,1
52631167,1,1
5275024,1,1
52753568,1,1
52755023,1,1
5328378,1,1
5341627,1,1
53454379,1,1
5347789,1,1
5358619,1,1
53744603,1,1
53929791,1,1
5403745,1,1
54178850,1,1
55041852,1,1
55477996,1,1
5558650,1,1
558154,1,1
5583757,1,1
5585008,1,1
560508,1,1
5634712,1,1
56394446,1,1
56555031,1,1
5665652,1,1
567313,1,1
5677027,1,1
5684517,1,1
57043803,1,1
57120155,1,1
57161863,1,1
571901,1,1
57282275,1,1
574339,1,1
57499974,1,1
576352,1,1
5774349,1,1
57826709,1,1
5802850,1,1
5803596,1,1
58365228,1,1
5852009,1,1
5857261,1,1
5865328,1,1
58824092,1,1
59119242,1,1
5912216,1,1
5934569,1,1
59456865,1,1
59548043,1,1
5958728,1,1
59669515,1,1
59787815,1,1
59877657,1,1
59928175,1,1
5997583,1,1
600079,1,1
60235142,1,1
6044749,1,1
6055980,1,1
6073644,1,1
608176,1,1
6087661,1,1
61049850,1,1
6119203,1,1
6170415,1,1
617156,1,1
6181257,1,1
6219730,1,1
6238443,1,1
6271775,1,1
62775250,1,1
6282498,1,1
62958312,1,1
62977316,1,1
6299487,1,1
632995,1,1
6408506,1,1
6417836,1,1
64314121,1,1
6433153,1,1
6443290,1,1
64646683,1,1
6483511,1,1
6486449,1,1
6493105,1,1
65220288,1,1
6530633,1,1
65379877,1,1
65550731,1,1
65699950,1,1
65798143,1,1
6593217,1,1
6598272,1,1
66234774,1,1
66407342,1,1
66638181,1,1
6668759,1,1
66764200,1,1
6685757,1,1
66891334,1,1
6689465,1,1
6697478,1,1
67268992,1,1
6756635,1,1
67967543,1,1
68045114,1,1
68101649,1,1
68400094,1,1
6844328,1,1
6850342,1,1
6916048,1,1
6939165,1,1
6953231,1,1
69730521,1,1
697545,1,1
7043502,1,1
7075901,1,1
70989117,1,1
7111324,1,1
7177684,1,1
71805697,1,1
7181916,1,1
7183799,1,1
71942682,1,1
7195483,1,1
72065705,1,1
7261331,1,1
72645399,1,1
727227,1,1
7308972,1,1
7327596,1,1
7332387,1,1
73449266,1,1
73534763,1,1
73545635,1,1
7358761,1,1
7358764,1,1
736530,1,1
7366729,1,1
73700260,1,1
73709062,1,1
73772751,1,1
73778339,1,1
73833298,1,1
7389555,1,1
7389589,1,1
7403555,1,1
74053613,1,1
7410854,1,1
74119359,1,1
7421490,1,1
74345816,1,1
74415209,1,1
7442618,1,1
74541524,1,1
7467218,1,1
7492152,1,1
75088337,1,1
751920,1,1
75678184,1,1
76063772,1,1
76099234,1,1
763836,1,1
7644696,1,1
7652155,1,1
76532122,1,1
7656046,1,1
7661648,1,1
7662885,1,1
76646266,1,1
7677837,1,1
76919660,1,1
76976842,1,1
77031858,1,1
770359,1,1
770895,1,1
77194499,1,1
77342810,1,1
7738531,1,1
7783306,1,1
77875454,1,1
7787815,1,1
7792630,1,1
7792746,1,1
780925,1,1
78117274,1,1
78230,1,1
7823767,1,1
7852311,1,1
7860276,1,1
7875626,1,1
78894271,1,1
7893349,1,1
7899005,1,1
7908620,1,1
791555,1,1
792820,1,1
7934111,1,1
79505439,1,1
7953969,1,1
7964337,1,1
79912748,1,1
8010622,1,1
80452448,1,1
80875607,1,1
80934649,1,1
8097500,1,1
8098163,1,1
8133244,1,1
813751,1,1
81449538,1,1
81599317,1,1
8163593,1,1
8166424,1,1
8190914,1,1
8193257,1,1
8197715,1,1
8204813,1,1
82059565,1,1
8206183,1,1
8206273,1,1
82137428,1,1
8223374,1,1
8227529,1,1
8228769,1,1
8264545,1,1
8271630,1,1
82774445,1,1
8280627,1,1
8293181,1,1
8309217,1,1
8309253,1,1
83096809,1,1
8332256,1,1
8335543,1,1
8341460,1,1
8361699,1,1
83774361,1,1
837757,1,1
8378645,1,1
8390580,1,1
84026475,1,1
841344,1,1
8413941,1,1
8415765,1,1
8431649,1,1
8434547,1,1
84513078,1,1
845594,1,1
8477957,1,1
85029196,1,1
85103455,1,1
85184281,1,1
8521969,1,1
8530098,1,1
85304637,1,1
85364010,1,1
8540607,1,1
85624034,1,1
85639281,1,1
8564690,1,1
85655963,1,1
8570887,1,1
85743874,1,1
85753173,1,1
85755005,1,1
85761249,1,1
85841507,1,1
85902148,1,1
85933551,1,1
85945140,1,1
85948730,1,1
859683,1,1
8606380,1,1
86117252,1,1
8613279,1,1
86152759,1,1
8619980,1,1
86244390,1,1
86309574,1,1
8653671,1,1
86660599,1,1
86664865,1,1
8678881,1,1
86827270,1,1
86867715,1,1
86874265,1,1
8700985,1,1
8704648,1,1
87159378,1,1
87223909,1,1
87297750,1,1
87325923,1,1
87415244,1,1
87424155,1,1
87462,1,1
8756515,1,1
87573424,1,1
87581825,1,1
87585557,1,1
8761,1,1
87645372,1,1
87650803,1,1
8798926,1,1
88090478,1,1
8810613,1,1
8812632,1,1
88136164,1,1
88204024,1,1
88204909,1,1
88231709,1,1
8825072,1,1
88411912,1,1
88419119,1,1
88463301,1,1
88538355,1,1
8875797,1,1
88963684,1,1
88984496,1,1
8915,1,1
8918793,1,1
89277746,1,1
89286386,1,1
8930218,1,1
89374036,1,1
8940540,1,1
8945772,1,1
8963299,1,1
89682392,1,1
897937,1,1
89796624,1,1
8991454,1,1
8994390,1,1
90049463,1,1
90126350,1,1
901317,1,1
9017305,1,1
9025795,1,1
90260516,1,1
9048836,1,1
90502997,1,1
9055403,1,1
9071599,1,1
9093018,1,1
90995160,1,1
9119643,1,1
91297033,1,1
9129737,1,1
9132380,1,1
9133033,1,1
9154788,1,1
91598014,1,1
9170507,1,1
9185675,1,1
9187032,1,1
9202369,1,1
92030071,1,1
92122062,1,1
9215112,1,1
92162452,1,1
9219057,1,1
922554,1,1
9234141,1,1
92542575,1,1
92586616,1,1
9276990,1,1
92958099,1,1
930891,1,1
9317574,1,1
93211124,1,1
9322076,1,1
93235183,1,1
9333886,1,1
93403388,1,1
93412308,1,1
93465101,1,1
9356895,1,1
9365590,1,1
93669462,1,1
937721,1,1
9394470,1,1
94085810,1,1
94406432,1,1
94559022,1,1
94624723,1,1
9488828,1,1
9493,1,1
9500097,1,1
95060004,1,1
95099582,1,1
95176494,1,1
95444095,1,1
95823365,1,1
95860,1,1
95911871,1,1
95983637,1,1
96112323,1,1
9625450,1,1
96310182,1,1
9656555,1,1
96626533,1,1
96685056,1,1
96793189,1,1
97036694,1,1
97406520,1,1
97727970,1,1
98035449,1,1
98439551,1,1
9850301,1,1
9867682,1,1
9890045,1,1
98997720,1,1
9927282,1,1
9937694,1,1
99588713,1,1
99754425,1,1
99911232,1,1
